interaction_id,Answers,call_ID,CSR_ID,call_date,call_time
1,"Thank you for calling ABC Travel, this is Jane. How may I assist you today?",12345,JaneDoe123,2024-02-01,02:16:43
2,I apologize for the trouble. May I have your name and reservation number to look up your booking?,12345,JaneDoe123,2024-02-01,02:16:43
3,Let me take a look at your reservation here Mr. Smith. I see that your flight from Chicago to Honolulu on March 15th was indeed canceled by the airline. I do apologize for this inconvenience.,12345,JaneDoe123,2024-02-01,02:16:43
4,"You're absolutely right, having a flight canceled can be very disruptive. As your travel agent, I want to do everything I can to get this fixed for you right away. It looks like the airline has rebooked you on a flight that leaves a few hours later on the same day. I know that's still an inconvenience though. Let me see what other options may be available.",12345,JaneDoe123,2024-02-01,02:16:43
5,"I completely understand your frustration, Mr. Smith. Since this cancellation was initiated by the airline, you are entitled to a full refund if you prefer not to be rebooked. I can definitely process that refund for the flight cost right away. How about the hotel and other portions of your trip - would you like for me to look into refunds or changes for those as well? My goal is to make sure you are completely satisfied.",12345,JaneDoe123,2024-02-01,02:16:43
6,"You're absolutely right, Mr. Smith. Let me process full refunds for your entire trip booking right now. I see you booked 2 roundtrip flights, 5 nights hotel in Honolulu, and a 7 day car rental. I will get all of those refunded in full immediately. You should see the refund hit your credit card in 3-5 business days. I sincerely apologize that we had to cancel a portion of your trip. Providing a seamless travel experience is our top priority, so I appreciate you bringing this issue to my attention.",12345,JaneDoe123,2024-02-01,02:16:43
7,"Mr. Smith, I fully understand why you are upset about having your trip canceled. As a valued customer, you should be able to trust that your travel plans will go smoothly when you book with us. This situation absolutely falls short of our service standards. To make things right, I would like to offer you a $200 travel voucher that can be used on a future trip as an apology for this major inconvenience. Would that help restore your confidence in our company?",12345,JaneDoe123,2024-02-01,02:16:43
8,"I certainly understand you wishing to speak to a supervisor to express your frustrations about this situation. Please hold for just one moment while I transfer you. Again, I sincerely apologize that we failed to meet expectations on this booking. We value you as our customer and want to regain your trust. Please hold and a supervisor will be right with you.",12345,JaneDoe123,2024-02-01,02:16:43
9,"Hello Mr. Smith, this is Sarah the supervisor. I understand you've had trouble with your recent booking to Hawaii. I want to sincerely apologize for the cancellation - I know how disruptive that must be. Jane briefed me on the situation and I see she processed full refunds for your trip. I completely understand your frustration. At ABC Travel, it is our top priority to deliver seamless travel experiences to our valued customers like yourself. We clearly dropped the ball and I take full responsibility for that. What else can I do to help restore your confidence in us moving forward? I'm happy to apply a credit for a future trip or look into any other options.",12345,JaneDoe123,2024-02-01,02:16:43
10,"You're absolutely right, Mr. Smith. The cancellation of your trip should not have happened. This is clearly an area where we need to improve our service and internal procedures. I will work with our team to assess what went wrong and implement better training around managing cancellations and rebookings. We value you as our customer and want to learn from this experience. I sincerely appreciate you taking the time to speak with me directly so we can improve. Please feel free to reach out to me personally anytime if you do choose to book future travel with ABC. My goal is to restore your confidence in us.",12345,JaneDoe123,2024-02-01,02:16:43
